"depth_chart_position","full_name","gsis_id","team","Total_touches","Total_HVT","total_fantasy_points","total_fantasy_points_exp","games","season","ppg","xppg","Touch_type","percentage","label_y","Rank"
"RB","Christian McCaffrey","00-0033280","SF",339,101,391.3,330.17,16,"2023",24.45625,20.635625,"TRAP",0.702064896755162,0.351032448377581,"RB1"
"RB","Christian McCaffrey","00-0033280","SF",339,101,391.3,330.17,16,"2023",24.45625,20.635625,"HVT_perc",0.297935103244838,0.851032448377581,"RB1"
"RB","Breece Hall","00-0038120","NYJ",299,86,290.5,243.52,17,"2023",17.0882352941176,14.3247058823529,"TRAP",0.712374581939799,0.3561872909699,"RB1"
"RB","Breece Hall","00-0038120","NYJ",299,86,290.5,243.52,17,"2023",17.0882352941176,14.3247058823529,"HVT_perc",0.287625418060201,0.8561872909699,"RB1"
"RB","Travis Etienne","00-0036973","JAX",325,74,282.4,263.94,17,"2023",16.6117647058824,15.5258823529412,"TRAP",0.772307692307692,0.386153846153846,"RB1"
"RB","Travis Etienne","00-0036973","JAX",325,74,282.4,263.94,17,"2023",16.6117647058824,15.5258823529412,"HVT_perc",0.227692307692308,0.886153846153846,"RB1"
"RB","Rachaad White","00-0037256","TB",336,83,267.9,255.44,17,"2023",15.7588235294118,15.0258823529412,"TRAP",0.75297619047619,0.376488095238095,"RB1"
"RB","Rachaad White","00-0037256","TB",336,83,267.9,255.44,17,"2023",15.7588235294118,15.0258823529412,"HVT_perc",0.24702380952381,0.876488095238095,"RB1"
"RB","Raheem Mostert","00-0031687","MIA",234,58,267.7,214.45,15,"2023",17.8466666666667,14.2966666666667,"TRAP",0.752136752136752,0.376068376068376,"RB1"
"RB","Raheem Mostert","00-0031687","MIA",234,58,267.7,214.45,15,"2023",17.8466666666667,14.2966666666667,"HVT_perc",0.247863247863248,0.876068376068376,"RB1"
"RB","Joe Mixon","00-0033897","CIN",309,90,267,283.77,17,"2023",15.7058823529412,16.6923529411765,"TRAP",0.70873786407767,0.354368932038835,"RB1"
"RB","Joe Mixon","00-0033897","CIN",309,90,267,283.77,17,"2023",15.7058823529412,16.6923529411765,"HVT_perc",0.29126213592233,0.854368932038835,"RB1"
"RB","Kyren Williams","00-0037840","LA",260,64,254.8,238.53,12,"2023",21.2333333333333,19.8775,"TRAP",0.753846153846154,0.376923076923077,"RB1"
"RB","Kyren Williams","00-0037840","LA",260,64,254.8,238.53,12,"2023",21.2333333333333,19.8775,"HVT_perc",0.246153846153846,0.876923076923077,"RB1"
"RB","Derrick Henry","00-0032764","TEN",308,52,246.66,221.34,17,"2023",14.5094117647059,13.02,"TRAP",0.831168831168831,0.415584415584416,"RB1"
"RB","Derrick Henry","00-0032764","TEN",308,52,246.66,221.34,17,"2023",14.5094117647059,13.02,"HVT_perc",0.168831168831169,0.915584415584416,"RB1"
"RB","Bijan Robinson","00-0038542","ATL",272,70,246.3,256.15,17,"2023",14.4882352941176,15.0676470588235,"TRAP",0.742647058823529,0.371323529411765,"RB1"
"RB","Bijan Robinson","00-0038542","ATL",272,70,246.3,256.15,17,"2023",14.4882352941176,15.0676470588235,"HVT_perc",0.257352941176471,0.871323529411765,"RB1"
"RB","Jahmyr Gibbs","00-0039139","DET",234,73,242.1,239.8,15,"2023",16.14,15.9866666666667,"TRAP",0.688034188034188,0.344017094017094,"RB1"
"RB","Jahmyr Gibbs","00-0039139","DET",234,73,242.1,239.8,15,"2023",16.14,15.9866666666667,"HVT_perc",0.311965811965812,0.844017094017094,"RB1"
"RB","Alvin Kamara","00-0033906","NO",255,97,233,242.43,13,"2023",17.9230769230769,18.6484615384615,"TRAP",0.619607843137255,0.309803921568627,"RB1"
"RB","Alvin Kamara","00-0033906","NO",255,97,233,242.43,13,"2023",17.9230769230769,18.6484615384615,"HVT_perc",0.380392156862745,0.809803921568627,"RB1"
"RB","James Cook","00-0037248","BUF",281,62,232.7,226.87,17,"2023",13.6882352941176,13.3452941176471,"TRAP",0.779359430604982,0.389679715302491,"RB1"
"RB","James Cook","00-0037248","BUF",281,62,232.7,226.87,17,"2023",13.6882352941176,13.3452941176471,"HVT_perc",0.220640569395018,0.889679715302491,"RB1"
"RB","Saquon Barkley","00-0034844","NYG",288,56,223.2,223.55,14,"2023",15.9428571428571,15.9678571428571,"TRAP",0.805555555555556,0.402777777777778,"RB2"
"RB","Saquon Barkley","00-0034844","NYG",288,56,223.2,223.55,14,"2023",15.9428571428571,15.9678571428571,"HVT_perc",0.194444444444444,0.902777777777778,"RB2"
"RB","Tony Pollard","00-0035261","DAL",307,85,222.6,280.69,17,"2023",13.0941176470588,16.5111764705882,"TRAP",0.723127035830619,0.361563517915309,"RB2"
"RB","Tony Pollard","00-0035261","DAL",307,85,222.6,280.69,17,"2023",13.0941176470588,16.5111764705882,"HVT_perc",0.276872964169381,0.861563517915309,"RB2"
"RB","Isiah Pacheco","00-0037197","KC",249,64,213.9,216.73,14,"2023",15.2785714285714,15.4807142857143,"TRAP",0.742971887550201,0.3714859437751,"RB2"
"RB","Isiah Pacheco","00-0037197","KC",249,64,213.9,216.73,14,"2023",15.2785714285714,15.4807142857143,"HVT_perc",0.257028112449799,0.8714859437751,"RB2"
"RB","Jerome Ford","00-0037267","CLE",248,54,211.2,202.12,17,"2023",12.4235294117647,11.8894117647059,"TRAP",0.782258064516129,0.391129032258065,"RB2"
"RB","Jerome Ford","00-0037267","CLE",248,54,211.2,202.12,17,"2023",12.4235294117647,11.8894117647059,"HVT_perc",0.217741935483871,0.891129032258065,"RB2"
"RB","David Montgomery","00-0035685","DET",235,47,205.2,191.74,14,"2023",14.6571428571429,13.6957142857143,"TRAP",0.8,0.4,"RB2"
"RB","David Montgomery","00-0035685","DET",235,47,205.2,191.74,14,"2023",14.6571428571429,13.6957142857143,"HVT_perc",0.2,0.9,"RB2"
"RB","James Conner","00-0033553","ARI",235,45,201.5,173.84,13,"2023",15.5,13.3723076923077,"TRAP",0.808510638297872,0.404255319148936,"RB2"
"RB","James Conner","00-0033553","ARI",235,45,201.5,173.84,13,"2023",15.5,13.3723076923077,"HVT_perc",0.191489361702128,0.904255319148936,"RB2"
"RB","Kenneth Walker","00-0038134","SEA",248,48,199.4,194.51,15,"2023",13.2933333333333,12.9673333333333,"TRAP",0.806451612903226,0.403225806451613,"RB2"
"RB","Kenneth Walker","00-0038134","SEA",248,48,199.4,194.51,15,"2023",13.2933333333333,12.9673333333333,"HVT_perc",0.193548387096774,0.903225806451613,"RB2"
"RB","D'Andre Swift","00-0036275","PHI",268,66,199.3,216.62,16,"2023",12.45625,13.53875,"TRAP",0.753731343283582,0.376865671641791,"RB2"
"RB","D'Andre Swift","00-0036275","PHI",268,66,199.3,216.62,16,"2023",12.45625,13.53875,"HVT_perc",0.246268656716418,0.876865671641791,"RB2"
"RB","Brian Robinson","00-0037746","WAS",214,49,198.1,166.93,15,"2023",13.2066666666667,11.1286666666667,"TRAP",0.771028037383178,0.385514018691589,"RB2"
"RB","Brian Robinson","00-0037746","WAS",214,49,198.1,166.93,15,"2023",13.2066666666667,11.1286666666667,"HVT_perc",0.228971962616822,0.885514018691589,"RB2"
"RB","Jaylen Warren","00-0037228","PIT",210,69,196.4,189.43,17,"2023",11.5529411764706,11.1429411764706,"TRAP",0.671428571428571,0.335714285714286,"RB2"
"RB","Jaylen Warren","00-0037228","PIT",210,69,196.4,189.43,17,"2023",11.5529411764706,11.1429411764706,"HVT_perc",0.328571428571429,0.835714285714286,"RB2"
"RB","Najee Harris","00-0036893","PIT",284,52,195.5,198.23,17,"2023",11.5,11.6605882352941,"TRAP",0.816901408450704,0.408450704225352,"RB2"
"RB","Najee Harris","00-0036893","PIT",284,52,195.5,198.23,17,"2023",11.5,11.6605882352941,"HVT_perc",0.183098591549296,0.908450704225352,"RB2"
"RB","De'Von Achane","00-0039040","MIA",130,38,190.7,130.26,11,"2023",17.3363636363636,11.8418181818182,"TRAP",0.707692307692308,0.353846153846154,"RB2"
"RB","De'Von Achane","00-0039040","MIA",130,38,190.7,130.26,11,"2023",17.3363636363636,11.8418181818182,"HVT_perc",0.292307692307692,0.853846153846154,"RB2"
"RB","Gus Edwards","00-0034184","BAL",210,42,187,165.48,17,"2023",11,9.73411764705882,"TRAP",0.8,0.4,"RB3"
"RB","Gus Edwards","00-0034184","BAL",210,42,187,165.48,17,"2023",11,9.73411764705882,"HVT_perc",0.2,0.9,"RB3"
"RB","Austin Ekeler","00-0033699","LAC",230,75,184.2,232.86,14,"2023",13.1571428571429,16.6328571428571,"TRAP",0.673913043478261,0.33695652173913,"RB3"
"RB","Austin Ekeler","00-0033699","LAC",230,75,184.2,232.86,14,"2023",13.1571428571429,16.6328571428571,"HVT_perc",0.326086956521739,0.83695652173913,"RB3"
"RB","Chuba Hubbard","00-0036555","CAR",277,56,182.5,188.85,17,"2023",10.7352941176471,11.1088235294118,"TRAP",0.797833935018051,0.398916967509025,"RB3"
"RB","Chuba Hubbard","00-0036555","CAR",277,56,182.5,188.85,17,"2023",10.7352941176471,11.1088235294118,"HVT_perc",0.202166064981949,0.898916967509025,"RB3"
"RB","Josh Jacobs","00-0035700","LV",270,59,181.1,219.34,13,"2023",13.9307692307692,16.8723076923077,"TRAP",0.781481481481481,0.390740740740741,"RB3"
"RB","Josh Jacobs","00-0035700","LV",270,59,181.1,219.34,13,"2023",13.9307692307692,16.8723076923077,"HVT_perc",0.218518518518519,0.890740740740741,"RB3"
"RB","Javonte Williams","00-0036997","DEN",264,64,179.2,215.36,16,"2023",11.2,13.46,"TRAP",0.757575757575758,0.378787878787879,"RB3"
"RB","Javonte Williams","00-0036997","DEN",264,64,179.2,215.36,16,"2023",11.2,13.46,"HVT_perc",0.242424242424242,0.878787878787879,"RB3"
"RB","Ezekiel Elliott","00-0033045","NE",235,62,174.5,185.6,17,"2023",10.2647058823529,10.9176470588235,"TRAP",0.736170212765957,0.368085106382979,"RB3"
"RB","Ezekiel Elliott","00-0033045","NE",235,62,174.5,185.6,17,"2023",10.2647058823529,10.9176470588235,"HVT_perc",0.263829787234043,0.868085106382979,"RB3"
"RB","Zack Moss","00-0036251","IND",210,48,169.6,165.35,14,"2023",12.1142857142857,11.8107142857143,"TRAP",0.771428571428571,0.385714285714286,"RB3"
"RB","Zack Moss","00-0036251","IND",210,48,169.6,165.35,14,"2023",12.1142857142857,11.8107142857143,"HVT_perc",0.228571428571429,0.885714285714286,"RB3"
"RB","Devin Singletary","00-0035250","HOU",246,47,167.34,179.93,17,"2023",9.84352941176471,10.5841176470588,"TRAP",0.808943089430894,0.404471544715447,"RB3"
"RB","Devin Singletary","00-0035250","HOU",246,47,167.34,179.93,17,"2023",9.84352941176471,10.5841176470588,"HVT_perc",0.191056910569106,0.904471544715447,"RB3"
"RB","Jonathan Taylor","00-0036223","IND",188,33,156.4,148.35,10,"2023",15.64,14.835,"TRAP",0.824468085106383,0.412234042553192,"RB3"
"RB","Jonathan Taylor","00-0036223","IND",188,33,156.4,148.35,10,"2023",15.64,14.835,"HVT_perc",0.175531914893617,0.912234042553192,"RB3"
"RB","Tyjae Spears","00-0039032","TEN",152,57,153.8,151.02,17,"2023",9.04705882352941,8.88352941176471,"TRAP",0.625,0.3125,"RB3"
"RB","Tyjae Spears","00-0039032","TEN",152,57,153.8,151.02,17,"2023",9.04705882352941,8.88352941176471,"HVT_perc",0.375,0.8125,"RB3"
"RB","Rhamondre Stevenson","00-0036875","NE",194,46,145.7,153.19,12,"2023",12.1416666666667,12.7658333333333,"TRAP",0.762886597938144,0.381443298969072,"RB3"
"RB","Rhamondre Stevenson","00-0036875","NE",194,46,145.7,153.19,12,"2023",12.1416666666667,12.7658333333333,"HVT_perc",0.237113402061856,0.881443298969072,"RB3"
"RB","Tyler Allgeier","00-0037263","ATL",204,28,137.6,142.01,17,"2023",8.09411764705882,8.35352941176471,"TRAP",0.862745098039216,0.431372549019608,"RB3"
"RB","Tyler Allgeier","00-0037263","ATL",204,28,137.6,142.01,17,"2023",8.09411764705882,8.35352941176471,"HVT_perc",0.137254901960784,0.931372549019608,"RB3"
"RB","Aaron Jones","00-0033293","GB",172,40,134.9,154.17,11,"2023",12.2636363636364,14.0154545454545,"TRAP",0.767441860465116,0.383720930232558,"Other"
"RB","Aaron Jones","00-0033293","GB",172,40,134.9,154.17,11,"2023",12.2636363636364,14.0154545454545,"HVT_perc",0.232558139534884,0.883720930232558,"Other"
"RB","Alexander Mattison","00-0034972","MIN",210,42,133.2,182.52,16,"2023",8.325,11.4075,"TRAP",0.8,0.4,"Other"
"RB","Alexander Mattison","00-0034972","MIN",210,42,133.2,182.52,16,"2023",8.325,11.4075,"HVT_perc",0.2,0.9,"Other"
"RB","Antonio Gibson","00-0036328","WAS",113,49,127.4,121.53,16,"2023",7.9625,7.595625,"TRAP",0.566371681415929,0.283185840707965,"Other"
"RB","Antonio Gibson","00-0036328","WAS",113,49,127.4,121.53,16,"2023",7.9625,7.595625,"HVT_perc",0.433628318584071,0.783185840707965,"Other"
"RB","Samaje Perine","00-0033526","DEN",103,57,121.3,110.47,17,"2023",7.13529411764706,6.49823529411765,"TRAP",0.446601941747573,0.223300970873786,"Other"
"RB","Samaje Perine","00-0033526","DEN",103,57,121.3,110.47,17,"2023",7.13529411764706,6.49823529411765,"HVT_perc",0.553398058252427,0.723300970873786,"Other"
"RB","Kareem Hunt","00-0033923","CLE",150,30,118.5,120.44,15,"2023",7.9,8.02933333333333,"TRAP",0.8,0.4,"Other"
"RB","Kareem Hunt","00-0033923","CLE",150,30,118.5,120.44,15,"2023",7.9,8.02933333333333,"HVT_perc",0.2,0.9,"Other"
"RB","AJ Dillon","00-0036265","GB",200,40,117.6,146.34,15,"2023",7.84,9.756,"TRAP",0.8,0.4,"Other"
"RB","AJ Dillon","00-0036265","GB",200,40,117.6,146.34,15,"2023",7.84,9.756,"HVT_perc",0.2,0.9,"Other"
"RB","Khalil Herbert","00-0036906","CHI",152,25,112.5,122.82,12,"2023",9.375,10.235,"TRAP",0.835526315789474,0.417763157894737,"Other"
"RB","Khalil Herbert","00-0036906","CHI",152,25,112.5,122.82,12,"2023",9.375,10.235,"HVT_perc",0.164473684210526,0.917763157894737,"Other"
"RB","Justice Hill","00-0034975","BAL",112,39,109.3,115.88,16,"2023",6.83125,7.2425,"TRAP",0.651785714285714,0.325892857142857,"Other"
"RB","Justice Hill","00-0034975","BAL",112,39,109.3,115.88,16,"2023",6.83125,7.2425,"HVT_perc",0.348214285714286,0.825892857142857,"Other"
"RB","Zach Charbonnet","00-0039165","SEA",141,46,106.1,122.54,16,"2023",6.63125,7.65875,"TRAP",0.673758865248227,0.336879432624113,"Other"
"RB","Zach Charbonnet","00-0039165","SEA",141,46,106.1,122.54,16,"2023",6.63125,7.65875,"HVT_perc",0.326241134751773,0.836879432624113,"Other"
"RB","Jaleel McLaughlin","00-0038794","DEN",107,35,106,94.96,17,"2023",6.23529411764706,5.58588235294118,"TRAP",0.672897196261682,0.336448598130841,"Other"
"RB","Jaleel McLaughlin","00-0038794","DEN",107,35,106,94.96,17,"2023",6.23529411764706,5.58588235294118,"HVT_perc",0.327102803738318,0.836448598130841,"Other"
"RB","Roschon Johnson","00-0039021","CHI",115,41,102.1,107.97,15,"2023",6.80666666666667,7.198,"TRAP",0.643478260869565,0.321739130434783,"Other"
"RB","Roschon Johnson","00-0039021","CHI",115,41,102.1,107.97,15,"2023",6.80666666666667,7.198,"HVT_perc",0.356521739130435,0.821739130434783,"Other"
"RB","Ty Chandler","00-0037276","MIN",123,26,101,94.42,13,"2023",7.76923076923077,7.26307692307692,"TRAP",0.788617886178862,0.394308943089431,"Other"
"RB","Ty Chandler","00-0037276","MIN",123,26,101,94.42,13,"2023",7.76923076923077,7.26307692307692,"HVT_perc",0.211382113821138,0.894308943089431,"Other"
"RB","Kenneth Gainwell","00-0036919","PHI",114,40,97.38,112.45,16,"2023",6.08625,7.028125,"TRAP",0.649122807017544,0.324561403508772,"Other"
"RB","Kenneth Gainwell","00-0036919","PHI",114,40,97.38,112.45,16,"2023",6.08625,7.028125,"HVT_perc",0.350877192982456,0.824561403508772,"Other"
"RB","Rico Dowdle","00-0036139","DAL",106,23,91.5,93.84,16,"2023",5.71875,5.865,"TRAP",0.783018867924528,0.391509433962264,"Other"
"RB","Rico Dowdle","00-0036139","DAL",106,23,91.5,93.84,16,"2023",5.71875,5.865,"HVT_perc",0.216981132075472,0.891509433962264,"Other"
"RB","D'Onta Foreman","00-0033925","CHI",120,21,91.2,90.46,9,"2023",10.1333333333333,10.0511111111111,"TRAP",0.825,0.4125,"Other"
"RB","D'Onta Foreman","00-0033925","CHI",120,21,91.2,90.46,9,"2023",10.1333333333333,10.0511111111111,"HVT_perc",0.175,0.9125,"Other"
"RB","Miles Sanders","00-0035243","CAR",156,34,87.6,125.18,16,"2023",5.475,7.82375,"TRAP",0.782051282051282,0.391025641025641,"Other"
"RB","Miles Sanders","00-0035243","CAR",156,34,87.6,125.18,16,"2023",5.475,7.82375,"HVT_perc",0.217948717948718,0.891025641025641,"Other"
"RB","Jerick McKinnon","00-0031376","KC",46,26,84.36,66.51,12,"2023",7.03,5.5425,"TRAP",0.434782608695652,0.217391304347826,"Other"
"RB","Jerick McKinnon","00-0031376","KC",46,26,84.36,66.51,12,"2023",7.03,5.5425,"HVT_perc",0.565217391304348,0.717391304347826,"Other"
"RB","Latavius Murray","00-0030513","BUF",96,34,82.9,101.06,15,"2023",5.52666666666667,6.73733333333333,"TRAP",0.645833333333333,0.322916666666667,"Other"
"RB","Latavius Murray","00-0030513","BUF",96,34,82.9,101.06,15,"2023",5.52666666666667,6.73733333333333,"HVT_perc",0.354166666666667,0.822916666666667,"Other"
"RB","Dameon Pierce","00-0037258","HOU",158,27,76.7,114.9,13,"2023",5.9,8.83846153846154,"TRAP",0.829113924050633,0.414556962025316,"Other"
"RB","Dameon Pierce","00-0037258","HOU",158,27,76.7,114.9,13,"2023",5.9,8.83846153846154,"HVT_perc",0.170886075949367,0.914556962025316,"Other"
"RB","Zamir White","00-0038040","LV",119,22,73.9,86.62,13,"2023",5.68461538461538,6.66307692307692,"TRAP",0.815126050420168,0.407563025210084,"Other"
"RB","Zamir White","00-0038040","LV",119,22,73.9,86.62,13,"2023",5.68461538461538,6.66307692307692,"HVT_perc",0.184873949579832,0.907563025210084,"Other"
"RB","Emari Demercado","00-0038705","ARI",79,22,73.3,74.33,11,"2023",6.66363636363636,6.75727272727273,"TRAP",0.721518987341772,0.360759493670886,"Other"
"RB","Emari Demercado","00-0038705","ARI",79,22,73.3,74.33,11,"2023",6.66363636363636,6.75727272727273,"HVT_perc",0.278481012658228,0.860759493670886,"Other"
"RB","Clyde Edwards-Helaire","00-0036360","KC",87,22,70.1,80.49,15,"2023",4.67333333333333,5.366,"TRAP",0.747126436781609,0.373563218390805,"Other"
"RB","Clyde Edwards-Helaire","00-0036360","KC",87,22,70.1,80.49,15,"2023",4.67333333333333,5.366,"HVT_perc",0.252873563218391,0.873563218390805,"Other"
"RB","Keaton Mitchell","00-0038454","BAL",56,9,69.9,41.64,7,"2023",9.98571428571429,5.94857142857143,"TRAP",0.839285714285714,0.419642857142857,"Other"
"RB","Keaton Mitchell","00-0038454","BAL",56,9,69.9,41.64,7,"2023",9.98571428571429,5.94857142857143,"HVT_perc",0.160714285714286,0.919642857142857,"Other"
"RB","Joshua Kelley","00-0036370","LAC",115,15,61.7,78.87,17,"2023",3.62941176470588,4.63941176470588,"TRAP",0.869565217391304,0.434782608695652,"Other"
"RB","Joshua Kelley","00-0036370","LAC",115,15,61.7,78.87,17,"2023",3.62941176470588,4.63941176470588,"HVT_perc",0.130434782608696,0.934782608695652,"Other"
"RB","Jamaal Williams","00-0033948","NO",124,25,60.8,84.02,13,"2023",4.67692307692308,6.46307692307692,"TRAP",0.798387096774194,0.399193548387097,"Other"
"RB","Jamaal Williams","00-0033948","NO",124,25,60.8,84.02,13,"2023",4.67692307692308,6.46307692307692,"HVT_perc",0.201612903225806,0.899193548387097,"Other"
"RB","Michael Carter","00-0036924","ARI",54,25,58.8,61.91,15,"2023",3.92,4.12733333333333,"TRAP",0.537037037037037,0.268518518518519,"Other"
"RB","Michael Carter","00-0036924","ARI",54,25,58.8,61.91,15,"2023",3.92,4.12733333333333,"HVT_perc",0.462962962962963,0.768518518518519,"Other"
"RB","Chase Brown","00-0038597","CIN",58,15,53.5,44.16,10,"2023",5.35,4.416,"TRAP",0.741379310344828,0.370689655172414,"Other"
"RB","Chase Brown","00-0038597","CIN",58,15,53.5,44.16,10,"2023",5.35,4.416,"HVT_perc",0.258620689655172,0.870689655172414,"Other"
"RB","Elijah Mitchell","00-0036567","SF",81,18,47.5,66.58,11,"2023",4.31818181818182,6.05272727272727,"TRAP",0.777777777777778,0.388888888888889,"Other"
"RB","Elijah Mitchell","00-0036567","SF",81,18,47.5,66.58,11,"2023",4.31818181818182,6.05272727272727,"HVT_perc",0.222222222222222,0.888888888888889,"Other"
"RB","Matt Breida","00-0033308","NYG",72,18,46.9,55.81,15,"2023",3.12666666666667,3.72066666666667,"TRAP",0.75,0.375,"Other"
"RB","Matt Breida","00-0033308","NYG",72,18,46.9,55.81,15,"2023",3.12666666666667,3.72066666666667,"HVT_perc",0.25,0.875,"Other"
"RB","Cam Akers","00-0036414","MIN",71,16,46.7,50.8,7,"2023",6.67142857142857,7.25714285714286,"TRAP",0.774647887323944,0.387323943661972,"Other"
"RB","Cam Akers","00-0036414","MIN",71,16,46.7,50.8,7,"2023",6.67142857142857,7.25714285714286,"HVT_perc",0.225352112676056,0.887323943661972,"Other"
"RB","Royce Freeman","00-0034838","LA",78,10,46.2,55.03,9,"2023",5.13333333333333,6.11444444444444,"TRAP",0.871794871794872,0.435897435897436,"Other"
"RB","Royce Freeman","00-0034838","LA",78,10,46.2,55.03,9,"2023",5.13333333333333,6.11444444444444,"HVT_perc",0.128205128205128,0.935897435897436,"Other"
"RB","Jordan Mason","00-0037525","SF",43,5,44.7,27.29,9,"2023",4.96666666666667,3.03222222222222,"TRAP",0.883720930232558,0.441860465116279,"Other"
"RB","Jordan Mason","00-0037525","SF",43,5,44.7,27.29,9,"2023",4.96666666666667,3.03222222222222,"HVT_perc",0.116279069767442,0.941860465116279,"Other"
"RB","Darrell Henderson","00-0035664","LA",56,15,43.5,55.72,4,"2023",10.875,13.93,"TRAP",0.732142857142857,0.366071428571429,"Other"
"RB","Darrell Henderson","00-0035664","LA",56,15,43.5,55.72,4,"2023",10.875,13.93,"HVT_perc",0.267857142857143,0.866071428571429,"Other"
"RB","Kendre Miller","00-0038551","NO",51,11,43.3,38.68,7,"2023",6.18571428571429,5.52571428571429,"TRAP",0.784313725490196,0.392156862745098,"Other"
"RB","Kendre Miller","00-0038551","NO",51,11,43.3,38.68,7,"2023",6.18571428571429,5.52571428571429,"HVT_perc",0.215686274509804,0.892156862745098,"Other"
"RB","Salvon Ahmed","00-0036020","MIA",38,19,42.9,49.62,7,"2023",6.12857142857143,7.08857142857143,"TRAP",0.5,0.25,"Other"
"RB","Salvon Ahmed","00-0036020","MIA",38,19,42.9,49.62,7,"2023",6.12857142857143,7.08857142857143,"HVT_perc",0.5,0.75,"Other"
"RB","Pierre Strong","00-0038098","CLE",68,7,42.8,47.9,13,"2023",3.29230769230769,3.68461538461538,"TRAP",0.897058823529412,0.448529411764706,"Other"
"RB","Pierre Strong","00-0038098","CLE",68,7,42.8,47.9,13,"2023",3.29230769230769,3.68461538461538,"HVT_perc",0.102941176470588,0.948529411764706,"Other"
"RB","Jeff Wilson","00-0034115","MIA",55,16,41.3,48.35,9,"2023",4.58888888888889,5.37222222222222,"TRAP",0.709090909090909,0.354545454545455,"Other"
"RB","Jeff Wilson","00-0034115","MIA",55,16,41.3,48.35,9,"2023",4.58888888888889,5.37222222222222,"HVT_perc",0.290909090909091,0.854545454545454,"Other"
"RB","Ameer Abdullah","00-0032104","LV",34,19,41,44.77,16,"2023",2.5625,2.798125,"TRAP",0.441176470588235,0.220588235294118,"Other"
"RB","Ameer Abdullah","00-0032104","LV",34,19,41,44.77,16,"2023",2.5625,2.798125,"HVT_perc",0.558823529411765,0.720588235294118,"Other"
"RB","Dalvin Cook","00-0033893","BAL",82,17,40.2,59.15,14,"2023",2.87142857142857,4.225,"TRAP",0.792682926829268,0.396341463414634,"Other"
"RB","Dalvin Cook","00-0033893","BAL",82,17,40.2,59.15,14,"2023",2.87142857142857,4.225,"HVT_perc",0.207317073170732,0.896341463414634,"Other"
"RB","Chase Edmonds","00-0034681","TB",63,14,39.7,46.32,13,"2023",3.05384615384615,3.56307692307692,"TRAP",0.777777777777778,0.388888888888889,"Other"
"RB","Chase Edmonds","00-0034681","TB",63,14,39.7,46.32,13,"2023",3.05384615384615,3.56307692307692,"HVT_perc",0.222222222222222,0.888888888888889,"Other"
"RB","Chris Rodriguez","00-0038611","WAS",53,6,37.9,35.24,8,"2023",4.7375,4.405,"TRAP",0.886792452830189,0.443396226415094,"Other"
"RB","Chris Rodriguez","00-0038611","WAS",53,6,37.9,35.24,8,"2023",4.7375,4.405,"HVT_perc",0.113207547169811,0.943396226415094,"Other"
"RB","Cordarrelle Patterson","00-0030578","ATL",59,14,36.9,53.97,12,"2023",3.075,4.4975,"TRAP",0.76271186440678,0.38135593220339,"Other"
"RB","Cordarrelle Patterson","00-0030578","ATL",59,14,36.9,53.97,12,"2023",3.075,4.4975,"HVT_perc",0.23728813559322,0.88135593220339,"Other"
"RB","D'Ernest Johnson","00-0035628","JAX",51,13,34.8,40.84,15,"2023",2.32,2.72266666666667,"TRAP",0.745098039215686,0.372549019607843,"Other"
"RB","D'Ernest Johnson","00-0035628","JAX",51,13,34.8,40.84,15,"2023",2.32,2.72266666666667,"HVT_perc",0.254901960784314,0.872549019607843,"Other"
"RB","Ty Johnson","00-0035537","BUF",37,7,32.4,28.66,7,"2023",4.62857142857143,4.09428571428571,"TRAP",0.810810810810811,0.405405405405405,"Other"
"RB","Ty Johnson","00-0035537","BUF",37,7,32.4,28.66,7,"2023",4.62857142857143,4.09428571428571,"HVT_perc",0.189189189189189,0.905405405405405,"Other"
"RB","Tony Jones","00-0035860","ARI",33,12,32.2,34.88,6,"2023",5.36666666666667,5.81333333333333,"TRAP",0.636363636363636,0.318181818181818,"Other"
"RB","Tony Jones","00-0035860","ARI",33,12,32.2,34.88,6,"2023",5.36666666666667,5.81333333333333,"HVT_perc",0.363636363636364,0.818181818181818,"Other"
"RB","Craig Reynolds","00-0035567","DET",46,10,31.6,33.78,6,"2023",5.26666666666667,5.63,"TRAP",0.782608695652174,0.391304347826087,"Other"
"RB","Craig Reynolds","00-0035567","DET",46,10,31.6,33.78,6,"2023",5.26666666666667,5.63,"HVT_perc",0.217391304347826,0.891304347826087,"Other"
"RB","Patrick Taylor","00-0035973","GB",43,12,30,42.5,10,"2023",3,4.25,"TRAP",0.720930232558139,0.36046511627907,"Other"
"RB","Patrick Taylor","00-0035973","GB",43,12,30,42.5,10,"2023",3,4.25,"HVT_perc",0.279069767441861,0.86046511627907,"Other"
"RB","Darrynton Evans","00-0036297","MIA",39,9,30,34.13,6,"2023",5,5.68833333333333,"TRAP",0.769230769230769,0.384615384615385,"Other"
"RB","Darrynton Evans","00-0036297","MIA",39,9,30,34.13,6,"2023",5,5.68833333333333,"HVT_perc",0.230769230769231,0.884615384615385,"Other"
"RB","Tank Bigsby","00-0038555","JAX",51,5,24.8,36.04,13,"2023",1.90769230769231,2.77230769230769,"TRAP",0.901960784313726,0.450980392156863,"Other"
"RB","Tank Bigsby","00-0038555","JAX",51,5,24.8,36.04,13,"2023",1.90769230769231,2.77230769230769,"HVT_perc",0.0980392156862745,0.950980392156863,"Other"
"RB","Nick Chubb","00-0034791","CLE",32,6,23.1,20.15,2,"2023",11.55,10.075,"TRAP",0.8125,0.40625,"Other"
"RB","Nick Chubb","00-0034791","CLE",32,6,23.1,20.15,2,"2023",11.55,10.075,"HVT_perc",0.1875,0.90625,"Other"
"RB","Kevin Harris","00-0037286","NE",19,3,21.3,11.73,4,"2023",5.325,2.9325,"TRAP",0.842105263157895,0.421052631578947,"Other"
"RB","Kevin Harris","00-0037286","NE",19,3,21.3,11.73,4,"2023",5.325,2.9325,"HVT_perc",0.157894736842105,0.921052631578947,"Other"
"RB","Trey Sermon","00-0036984","IND",38,3,20.3,26.81,8,"2023",2.5375,3.35125,"TRAP",0.921052631578947,0.460526315789474,"Other"
"RB","Trey Sermon","00-0036984","IND",38,3,20.3,26.81,8,"2023",2.5375,3.35125,"HVT_perc",0.0789473684210527,0.960526315789474,"Other"
"RB","Ronnie Rivers","00-0037557","LA",37,5,20.1,22.68,7,"2023",2.87142857142857,3.24,"TRAP",0.864864864864865,0.432432432432432,"Other"
"RB","Ronnie Rivers","00-0037557","LA",37,5,20.1,22.68,7,"2023",2.87142857142857,3.24,"HVT_perc",0.135135135135135,0.932432432432432,"Other"
"RB","Melvin Gordon","00-0032144","BAL",29,6,19.7,19.38,4,"2023",4.925,4.845,"TRAP",0.793103448275862,0.396551724137931,"Other"
"RB","Melvin Gordon","00-0032144","BAL",29,6,19.7,19.38,4,"2023",4.925,4.845,"HVT_perc",0.206896551724138,0.896551724137931,"Other"
"RB","Damien Harris","00-0035657","BUF",25,6,19,21.47,6,"2023",3.16666666666667,3.57833333333333,"TRAP",0.76,0.38,"Other"
"RB","Damien Harris","00-0035657","BUF",25,6,19,21.47,6,"2023",3.16666666666667,3.57833333333333,"HVT_perc",0.24,0.88,"Other"
"RB","Isaiah Spiller","00-0038045","LAC",43,8,19,27.93,9,"2023",2.11111111111111,3.10333333333333,"TRAP",0.813953488372093,0.406976744186047,"Other"
"RB","Isaiah Spiller","00-0038045","LAC",43,8,19,27.93,9,"2023",2.11111111111111,3.10333333333333,"HVT_perc",0.186046511627907,0.906976744186047,"Other"
"RB","Israel Abanikanda","00-0038389","NYJ",29,7,18.3,25.48,6,"2023",3.05,4.24666666666667,"TRAP",0.758620689655172,0.379310344827586,"Other"
"RB","Israel Abanikanda","00-0038389","NYJ",29,7,18.3,25.48,6,"2023",3.05,4.24666666666667,"HVT_perc",0.241379310344828,0.879310344827586,"Other"
"RB","Tyler Goodson","00-0037120","IND",19,7,18.1,23.09,6,"2023",3.01666666666667,3.84833333333333,"TRAP",0.631578947368421,0.315789473684211,"Other"
"RB","Tyler Goodson","00-0037120","IND",19,7,18.1,23.09,6,"2023",3.01666666666667,3.84833333333333,"HVT_perc",0.368421052631579,0.815789473684211,"Other"
"RB","Boston Scott","00-0034414","PHI",24,5,17.8,21.15,10,"2023",1.78,2.115,"TRAP",0.791666666666667,0.395833333333333,"Other"
"RB","Boston Scott","00-0034414","PHI",24,5,17.8,21.15,10,"2023",1.78,2.115,"HVT_perc",0.208333333333333,0.895833333333333,"Other"
"RB","Raheem Blackshear","00-0037429","CAR",20,6,17.1,16.7,8,"2023",2.1375,2.0875,"TRAP",0.7,0.35,"Other"
"RB","Raheem Blackshear","00-0037429","CAR",20,6,17.1,16.7,8,"2023",2.1375,2.0875,"HVT_perc",0.3,0.85,"Other"
"RB","Deuce Vaughn","00-0038622","DAL",30,8,15,23.69,6,"2023",2.5,3.94833333333333,"TRAP",0.733333333333333,0.366666666666667,"Other"
"RB","Deuce Vaughn","00-0038622","DAL",30,8,15,23.69,6,"2023",2.5,3.94833333333333,"HVT_perc",0.266666666666667,0.866666666666667,"Other"
"RB","Trayveon Williams","00-0035291","CIN",22,8,14.9,21.64,14,"2023",1.06428571428571,1.54571428571429,"TRAP",0.636363636363636,0.318181818181818,"Other"
"RB","Trayveon Williams","00-0035291","CIN",22,8,14.9,21.64,14,"2023",1.06428571428571,1.54571428571429,"HVT_perc",0.363636363636364,0.818181818181818,"Other"
"RB","Emanuel Wilson","00-0038797","GB",18,4,14.8,13.91,5,"2023",2.96,2.782,"TRAP",0.777777777777778,0.388888888888889,"Other"
"RB","Emanuel Wilson","00-0038797","GB",18,4,14.8,13.91,5,"2023",2.96,2.782,"HVT_perc",0.222222222222222,0.888888888888889,"Other"
"RB","Keaontay Ingram","00-0037299","KC",39,5,14,22.69,7,"2023",2,3.24142857142857,"TRAP",0.871794871794872,0.435897435897436,"Other"
"RB","Keaontay Ingram","00-0037299","KC",39,5,14,22.69,7,"2023",2,3.24142857142857,"HVT_perc",0.128205128205128,0.935897435897436,"Other"
"RB","La'Mical Perine","00-0036269","KC",25,5,14,19.74,2,"2023",7,9.87,"TRAP",0.8,0.4,"Other"
"RB","La'Mical Perine","00-0036269","KC",25,5,14,19.74,2,"2023",7,9.87,"HVT_perc",0.2,0.9,"Other"
"RB","Mike Boone","00-0034208","CAR",12,7,13.3,14.78,7,"2023",1.9,2.11142857142857,"TRAP",0.416666666666667,0.208333333333333,"Other"
"RB","Mike Boone","00-0034208","CAR",12,7,13.3,14.78,7,"2023",1.9,2.11142857142857,"HVT_perc",0.583333333333333,0.708333333333333,"Other"
"RB","Eric Gray","00-0038396","NYG",23,6,13,17.55,5,"2023",2.6,3.51,"TRAP",0.739130434782609,0.369565217391304,"Other"
"RB","Eric Gray","00-0038396","NYG",23,6,13,17.55,5,"2023",2.6,3.51,"HVT_perc",0.260869565217391,0.869565217391304,"Other"
"RB","Hunter Luepke","00-0038738","DAL",9,5,12.7,11.54,6,"2023",2.11666666666667,1.92333333333333,"TRAP",0.444444444444444,0.222222222222222,"Other"
"RB","Hunter Luepke","00-0038738","DAL",9,5,12.7,11.54,6,"2023",2.11666666666667,1.92333333333333,"HVT_perc",0.555555555555556,0.722222222222222,"Other"
"RB","DeeJay Dallas","00-0036425","SEA",16,6,12.2,16.39,10,"2023",1.22,1.639,"TRAP",0.625,0.3125,"Other"
"RB","DeeJay Dallas","00-0036425","SEA",16,6,12.2,16.39,10,"2023",1.22,1.639,"HVT_perc",0.375,0.8125,"Other"
"RB","J.K. Dobbins","00-0036158","BAL",10,3,11.7,11.22,1,"2023",11.7,11.22,"TRAP",0.7,0.35,"Other"
"RB","J.K. Dobbins","00-0036158","BAL",10,3,11.7,11.22,1,"2023",11.7,11.22,"HVT_perc",0.3,0.85,"Other"
"RB","Gary Brightwell","00-0036569","NYG",14,5,11.6,14.25,3,"2023",3.86666666666667,4.75,"TRAP",0.642857142857143,0.321428571428571,"Other"
"RB","Gary Brightwell","00-0036569","NYG",14,5,11.6,14.25,3,"2023",3.86666666666667,4.75,"HVT_perc",0.357142857142857,0.821428571428571,"Other"
"RB","Brandon Bolden","00-0029239","LV",4,2,11.1,3.95,3,"2023",3.7,1.31666666666667,"TRAP",0.5,0.25,"Other"
"RB","Brandon Bolden","00-0029239","LV",4,2,11.1,3.95,3,"2023",3.7,1.31666666666667,"HVT_perc",0.5,0.75,"Other"
"RB","Chris Brooks","00-0038685","MIA",19,2,10.6,8.62,3,"2023",3.53333333333333,2.87333333333333,"TRAP",0.894736842105263,0.447368421052632,"Other"
"RB","Chris Brooks","00-0038685","MIA",19,2,10.6,8.62,3,"2023",3.53333333333333,2.87333333333333,"HVT_perc",0.105263157894737,0.947368421052632,"Other"
"RB","Damien Williams","00-0030874","ARI",13,2,7.5,7.66,3,"2023",2.5,2.55333333333333,"TRAP",0.846153846153846,0.423076923076923,"Other"
"RB","Damien Williams","00-0030874","ARI",13,2,7.5,7.66,3,"2023",2.5,2.55333333333333,"HVT_perc",0.153846153846154,0.923076923076923,"Other"
"RB","Dare Ogunbowale","00-0033854","HOU",10,2,7.3,14.18,6,"2023",1.21666666666667,2.36333333333333,"TRAP",0.8,0.4,"Other"
"RB","Dare Ogunbowale","00-0033854","HOU",10,2,7.3,14.18,6,"2023",1.21666666666667,2.36333333333333,"HVT_perc",0.2,0.9,"Other"
"RB","Ke'Shawn Vaughn","00-0036450","NE",26,3,6.4,19.54,5,"2023",1.28,3.908,"TRAP",0.884615384615385,0.442307692307692,"Other"
"RB","Ke'Shawn Vaughn","00-0036450","NE",26,3,6.4,19.54,5,"2023",1.28,3.908,"HVT_perc",0.115384615384615,0.942307692307692,"Other"
"RB","Sean Tucker","00-0038951","TB",17,2,5.2,10.27,3,"2023",1.73333333333333,3.42333333333333,"TRAP",0.882352941176471,0.441176470588235,"Other"
"RB","Sean Tucker","00-0038951","TB",17,2,5.2,10.27,3,"2023",1.73333333333333,3.42333333333333,"HVT_perc",0.117647058823529,0.941176470588235,"Other"
"RB","Rashaad Penny","00-0034750","PHI",12,1,4.8,6.84,3,"2023",1.6,2.28,"TRAP",0.916666666666667,0.458333333333333,"Other"
"RB","Rashaad Penny","00-0034750","PHI",12,1,4.8,6.84,3,"2023",1.6,2.28,"HVT_perc",0.0833333333333334,0.958333333333333,"Other"
"RB","Alex Armah","00-0033296","WAS",3,3,4.3,4.74,3,"2023",1.43333333333333,1.58,"TRAP",0,0,"Other"
"RB","Alex Armah","00-0033296","WAS",3,3,4.3,4.74,3,"2023",1.43333333333333,1.58,"HVT_perc",1,0.5,"Other"
"RB","Jashaun Corbin","00-0037410","NYG",4,4,4.3,4.36,1,"2023",4.3,4.36,"TRAP",0,0,"Other"
"RB","Jashaun Corbin","00-0037410","NYG",4,4,4.3,4.36,1,"2023",4.3,4.36,"HVT_perc",1,0.5,"Other"
"RB","Leonard Fournette","00-0033856","BUF",12,2,4,8.91,2,"2023",2,4.455,"TRAP",0.833333333333333,0.416666666666667,"Other"
"RB","Leonard Fournette","00-0033856","BUF",12,2,4,8.91,2,"2023",2,4.455,"HVT_perc",0.166666666666667,0.916666666666667,"Other"
"RB","Deon Jackson","00-0036493","NYG",19,7,4,18.66,2,"2023",2,9.33,"TRAP",0.631578947368421,0.315789473684211,"Other"
"RB","Deon Jackson","00-0036493","NYG",19,7,4,18.66,2,"2023",2,9.33,"HVT_perc",0.368421052631579,0.815789473684211,"Other"
"RB","Elijah Dotson","00-0038862","LAC",6,2,3.9,4.97,1,"2023",3.9,4.97,"TRAP",0.666666666666667,0.333333333333333,"Other"
"RB","Elijah Dotson","00-0038862","LAC",6,2,3.9,4.97,1,"2023",3.9,4.97,"HVT_perc",0.333333333333333,0.833333333333333,"Other"
"RB","Jake Funk","00-0036860","DET",3,1,3.2,2.49,1,"2023",3.2,2.49,"TRAP",0.666666666666667,0.333333333333333,"Other"
"RB","Jake Funk","00-0036860","DET",3,1,3.2,2.49,1,"2023",3.2,2.49,"HVT_perc",0.333333333333333,0.833333333333333,"Other"
"RB","Kenyan Drake","00-0033118","GB",4,2,3.1,5.13,2,"2023",1.55,2.565,"TRAP",0.5,0.25,"Other"
"RB","Kenyan Drake","00-0033118","GB",4,2,3.1,5.13,2,"2023",1.55,2.565,"HVT_perc",0.5,0.75,"Other"
"RB","Anthony McFarland","00-0036336","PIT",2,2,3.1,2.93,1,"2023",3.1,2.93,"TRAP",0,0,"Other"
"RB","Anthony McFarland","00-0036336","PIT",2,2,3.1,2.93,1,"2023",3.1,2.93,"HVT_perc",1,0.5,"Other"
"RB","Bam Knight","00-0037157","DET",4,1,3.1,3.28,2,"2023",1.55,1.64,"TRAP",0.75,0.375,"Other"
"RB","Bam Knight","00-0037157","DET",4,1,3.1,3.28,2,"2023",1.55,1.64,"HVT_perc",0.25,0.875,"Other"
"RB","Derrick Gore","00-0035715","WAS",3,1,2.6,3.72,2,"2023",1.3,1.86,"TRAP",0.666666666666667,0.333333333333333,"Other"
"RB","Derrick Gore","00-0035715","WAS",3,1,2.6,3.72,2,"2023",1.3,1.86,"HVT_perc",0.333333333333333,0.833333333333333,"Other"
"RB","Devine Ozigbo","00-0035184","DET",4,1,2.3,3.05,1,"2023",2.3,3.05,"TRAP",0.75,0.375,"Other"
"RB","Devine Ozigbo","00-0035184","DET",4,1,2.3,3.05,1,"2023",2.3,3.05,"HVT_perc",0.25,0.875,"Other"
"RB","Chris Evans","00-0036857","CIN",3,1,2.1,2.58,1,"2023",2.1,2.58,"TRAP",0.666666666666667,0.333333333333333,"Other"
"RB","Chris Evans","00-0036857","CIN",3,1,2.1,2.58,1,"2023",2.1,2.58,"HVT_perc",0.333333333333333,0.833333333333333,"Other"
"RB","Tyrion Davis-Price","00-0037827","SF",6,0,2.1,2.61,1,"2023",2.1,2.61,"TRAP",1,0.5,"Other"
"RB","Tyrion Davis-Price","00-0037827","SF",6,0,2.1,2.61,1,"2023",2.1,2.61,"HVT_perc",0,1,"Other"
"RB","Zach Evans","00-0039136","LA",9,0,1.9,4.23,4,"2023",0.475,1.0575,"TRAP",1,0.5,"Other"
"RB","Zach Evans","00-0039136","LA",9,0,1.9,4.23,4,"2023",0.475,1.0575,"HVT_perc",0,1,"Other"
"RB","Evan Hull","00-0038397","IND",2,1,1.7,2.02,1,"2023",1.7,2.02,"TRAP",0.5,0.25,"Other"
"RB","Evan Hull","00-0038397","IND",2,1,1.7,2.02,1,"2023",1.7,2.02,"HVT_perc",0.5,0.75,"Other"
"RB","Kene Nwangwu","00-0036842","MIN",5,0,1.3,2.42,3,"2023",0.433333333333333,0.806666666666667,"TRAP",1,0.5,"Other"
"RB","Kene Nwangwu","00-0036842","MIN",5,0,1.3,2.42,3,"2023",0.433333333333333,0.806666666666667,"HVT_perc",0,1,"Other"
"RB","Jonathan Ward","00-0035924","TEN",3,0,1.1,1.58,1,"2023",1.1,1.58,"TRAP",1,0.5,"Other"
"RB","Jonathan Ward","00-0035924","TEN",3,0,1.1,1.58,1,"2023",1.1,1.58,"HVT_perc",0,1,"Other"
"RB","James Robinson","00-0035831","NO",2,1,1,2.04,1,"2023",1,2.04,"TRAP",0.5,0.25,"Other"
"RB","James Robinson","00-0035831","NO",2,1,1,2.04,1,"2023",1,2.04,"HVT_perc",0.5,0.75,"Other"
"RB","Jonathan Williams","00-0032975","WAS",1,0,-0.2,1.96,1,"2023",-0.2,1.96,"TRAP",1,0.5,"Other"
"RB","Jonathan Williams","00-0032975","WAS",1,0,-0.2,1.96,1,"2023",-0.2,1.96,"HVT_perc",0,1,"Other"
